Region,TasaXenofobia
Napo,20.353983
Pichincha,17.847614
Loja,17.142857
El Oro,15.075377
Guayas,15.007342
Manabi,14
Santa Elena,7.6023393
Azuay,7.4698796
